model,threshold,n_test,positive_rate,predicted_positive_rate,accuracy,balanced_accuracy,precision,recall,specificity,f1,roc_auc,pr_auc,tn,fp,fn,tp
LightGBM,0.07,528608,0.5857402839154913,0.8349797959924935,0.6834932501967431,0.6298696166376536,0.6612215860817396,0.9425792970251302,0.31715993625017697,0.7772208936303935,0.7697866650063805,0.8261121303464665,69452,149529,17779,291848
XGBoost,0.07,528608,0.5857402839154913,0.8348889914643743,0.682040377746837,0.6283887702451103,0.6603690217502136,0.9412615824847316,0.31551595800548904,0.776183957515487,0.7628941722904061,0.8187776104147357,69092,149889,18187,291440
Árvore de Decisão,0.07,528608,0.5857402839154913,0.7581856498577396,0.6592749258429687,0.6184852315645882,0.661579957233715,0.8563529666340468,0.3806174964951297,0.7464703481088386,0.7088796217971463,0.7837433560028673,83348,135633,44477,265150
Regressão Logística,0.07,528608,0.5857402839154913,0.9995648949694291,0.5859294600157394,0.5002717800081259,0.5858722354072274,0.9997900699874365,0.0007534900288152853,0.7388070476906462,0.6778078517839363,0.7322469936703867,165,218816,65,309562
